/*!40101 SET @OLD_CHARACTER_SET_CLIENT=@@CHARACTER_SET_CLIENT */;
/*!40101 SET NAMES utf8 */;
/*!50503 SET NAMES utf8mb4 */;
/*!40014 SET @OLD_FOREIGN_KEY_CHECKS=@@FOREIGN_KEY_CHECKS, FOREIGN_KEY_CHECKS=0 */;
/*!40101 SET @OLD_SQL_MODE=@@SQL_MODE, SQL_MODE='NO_AUTO_VALUE_ON_ZERO' */;
/*!40111 SET @OLD_SQL_NOTES=@@SQL_NOTES, SQL_NOTES=0 */;

CREATE TABLE IF NOT EXISTS `tbl_answer` (
  `a_id` int(11) NOT NULL AUTO_INCREMENT,
  `q_id` int(11) NOT NULL,
  `desk_id` int(11) NOT NULL,
  `token_id` varchar(100) NOT NULL,
  `ans` varchar(100) CHARACTER SET latin1 DEFAULT NULL,
  `status` tinyint(1) NOT NULL,
  `dateadded` datetime NOT NULL,
  PRIMARY KEY (`a_id`)
) ENGINE=InnoDB DEFAULT CHARSET=utf8;

/*!40000 ALTER TABLE `tbl_answer` DISABLE KEYS */;
INSERT INTO `tbl_answer` (`a_id`, `q_id`, `desk_id`, `token_id`, `ans`, `status`, `dateadded`) VALUES
	(1, 13, 1, 'qb9Cx327Iu1495263464', '2', 0, '2017-05-20 10:57:49'),
	(2, 13, 1, '9anEwvZdCX1495265366', '2', 0, '2017-05-20 11:29:31'),
	(3, 13, 1, 'jyVMu4GxWl1495266114', '4', 0, '2017-05-20 11:41:55'),
	(4, 13, 1, 'X1MpOLUb8o1495269011', '4', 0, '2017-05-20 12:30:19'),
	(5, 13, 1, '0xlHWsJbtw1495269027', '4', 0, '2017-05-20 12:30:44'),
	(6, 13, 1, 'r4X9l86pML1495269059', '3', 0, '2017-05-20 12:31:11'),
	(7, 13, 1, '9j4WLy7qC31495269489', '1', 0, '2017-05-20 12:38:12'),
	(8, 13, 1, '4oaGM3CvmS1495269510', '4', 0, '2017-05-20 12:38:38'),
	(9, 13, 1, 'JOMW9tXGP61495270001', '3', 0, '2017-05-20 12:47:35'),
	(10, 13, 1, 'Jy8x9szTpb1495271099', '4', 0, '2017-05-20 13:05:06'),
	(11, 13, 1, 'XJ06lyw78E1495271237', '3', 0, '2017-05-20 13:07:19'),
	(12, 13, 1, 'Esza6fmlro1495271261', '3', 0, '2017-05-20 13:07:44'),
	(13, 13, 1, 'LvwCzFa3E01495271350', '3', 0, '2017-05-20 13:09:11'),
	(14, 13, 1, 'zu1qpQre0c1495271387', '3', 0, '2017-05-20 13:09:48'),
	(15, 13, 1, 'Sbq1WNOon91495271499', '3', 0, '2017-05-20 13:11:40'),
	(16, 13, 1, 'vqjpcVxdh71495271570', '3', 0, '2017-05-20 13:12:54'),
	(17, 13, 1, 'vqjpcVxdh71495271570', '2', 0, '2017-05-20 13:13:03'),
	(18, 13, 1, 'I9E1fqosBx1495271734', '3', 0, '2017-05-20 13:15:37'),
	(19, 13, 1, 'bjUQgpqNKr1495274390', '3', 0, '2017-05-20 13:59:55'),
	(20, 13, 1, 'oN6pTcUeZr1495274530', '4', 0, '2017-05-20 14:03:18'),
	(21, 13, 1, 'oCd3t7N4w01495274598', '4', 0, '2017-05-20 14:03:21'),
	(22, 13, 1, 'oCd3t7N4w01495274598', '4', 0, '2017-05-20 14:03:33'),
	(23, 13, 1, 'XumZyQCtIM1495275203', '5', 0, '2017-05-20 14:13:54'),
	(24, 13, 1, 'tCR8aegld51495275264', '4', 0, '2017-05-20 14:14:36'),
	(25, 13, 1, 'G2zQa9UmX61495275567', '5', 0, '2017-05-20 14:19:43'),
	(26, 13, 1, 'c0EQkWOF9K1495279796', '1', 0, '2017-05-20 15:30:33'),
	(27, 13, 1, 'J9VwdiRDcf1495279861', '1', 0, '2017-05-20 15:31:07'),
	(28, 13, 1, 'eZvo0QUISX1495279875', '2', 0, '2017-05-20 15:32:05'),
	(29, 13, 1, '8G0CwlZvr61495280535', '5', 0, '2017-05-20 15:47:11'),
	(30, 13, 1, 'xlpZ5jQCvz1495284160', '5', 0, '2017-05-20 16:43:04'),
	(31, 13, 1, 'T5lY4LCJRg1495285115', '5', 0, '2017-05-20 16:59:30'),
	(32, 13, 1, 'glkGF0uX571495285175', '5', 0, '2017-05-20 17:00:36'),
	(33, 13, 1, 'Y5KOaVowG01495285236', '5', 0, '2017-05-20 17:00:39'),
	(34, 13, 1, 'IaskXFVmYC1495286092', '5', 0, '2017-05-20 17:15:51'),
	(35, 13, 1, 'IQ3hL9SwzJ1495287721', '1', 0, '2017-05-20 17:42:07'),
	(36, 13, 1, 'CNrBIOYEWD1495287746', '2', 0, '2017-05-20 17:42:36'),
	(37, 13, 1, 'bTn08PBYcC1495357685', '5', 0, '2017-05-21 13:08:23'),
	(38, 13, 1, 'AEnIqeRk231495357746', '5', 0, '2017-05-21 13:09:07'),
	(39, 13, 1, 'tX3aJpB40L1495357806', '5', 0, '2017-05-21 13:10:07'),
	(40, 13, 1, 'CZB04K2ELY1495358324', '5', 0, '2017-05-21 13:23:52'),
	(41, 13, 1, 'cWM3B41Ztn1495358639', '5', 0, '2017-05-21 13:24:02'),
	(42, 13, 1, 'YzuWCFpGNO1495358700', '5', 0, '2017-05-21 13:25:02'),
	(43, 13, 1, 'qFKbxEyM1T1495358750', '5', 0, '2017-05-21 13:26:04'),
	(44, 13, 1, 'uvqMRYsw6j1495360282', '4', 0, '2017-05-21 13:51:34'),
	(45, 13, 1, '7jQMSqXmZp1495360339', '4', 0, '2017-05-21 13:52:20'),
	(46, 13, 1, 'yYZLVFWRrd1495360417', '2', 0, '2017-05-21 13:54:22'),
	(47, 13, 1, 'Wg97p1ZUma1495360480', '2', 0, '2017-05-21 13:54:42'),
	(48, 13, 1, 'Wg97p1ZUma1495360480', '2', 0, '2017-05-21 13:55:36'),
	(49, 13, 1, 'fYagyJERs51495360541', '2', 0, '2017-05-21 13:55:45'),
	(50, 13, 1, 'kBuWjF82mw1495365050', '5', 0, '2017-05-21 15:10:56'),
	(51, 13, 1, 'ne2cYDLqFQ1495365110', '5', 0, '2017-05-21 15:12:20'),
	(52, 13, 1, 'GvXewAZaO21495365153', '4', 0, '2017-05-21 15:12:33'),
	(53, 13, 1, 'XaVDU8pqgw1495370032', '5', 0, '2017-05-21 16:34:47'),
	(54, 13, 1, 'i3RLN67pHY1495370092', '5', 0, '2017-05-21 16:34:57'),
	(55, 13, 1, 'odZAaX832U1495370108', '4', 0, '2017-05-21 16:35:09'),
	(56, 13, 1, 'EkMCbdWi3Z1495370350', '1', 0, '2017-05-21 16:39:22'),
	(57, 13, 1, 'cGMlmgBU481495373248', '5', 0, '2017-05-21 17:28:05'),
	(58, 13, 1, 'il7JVCfNMU1495373369', '5', 0, '2017-05-21 17:30:18'),
	(59, 13, 1, 'l1TpUk9Vuf1495375423', '5', 0, '2017-05-21 18:04:30'),
	(60, 13, 1, 'uer8NOCxEn1495375483', '1', 0, '2017-05-21 18:05:23'),
	(61, 13, 1, 'n2DfrJTwz61495426182', '5', 0, '2017-05-22 08:09:49'),
	(62, 13, 1, 'IAlCOivzUg1495446712', '5', 0, '2017-05-22 13:52:11'),
	(63, 13, 1, '5B21mHFMD41495447135', '5', 0, '2017-05-22 13:59:05'),
	(64, 13, 1, 'M5w3aWZq8V1495451842', '5', 0, '2017-05-22 15:17:47'),
	(65, 13, 1, '6i7Z2y9feh1495451875', '5', 0, '2017-05-22 15:18:01'),
	(66, 13, 1, 'qKyrtFg9kz1495451922', '5', 0, '2017-05-22 15:18:53'),
	(67, 13, 1, 'cd1LXjlPyJ1495453129', '4', 0, '2017-05-22 15:39:44'),
	(68, 13, 1, 'QRFoDf20iU1495453249', '5', 0, '2017-05-22 15:41:25'),
	(69, 13, 1, 'QZsu5a6ido1495456601', '5', 0, '2017-05-22 16:36:51'),
	(70, 13, 1, 'FWQv0cTs5z1495458595', '5', 0, '2017-05-22 17:10:25'),
	(71, 13, 1, 'FXea4Njs681495459200', '5', 0, '2017-05-22 17:20:55'),
	(72, 13, 1, 'qDXtKu39lk1495465658', '5', 0, '2017-05-22 19:08:16'),
	(73, 13, 1, 'v1kMI0JOa51495468313', '5', 0, '2017-05-22 19:52:22'),
	(74, 13, 1, 'QV2rgJTBc31495535162', '5', 0, '2017-05-23 14:26:16'),
	(75, 13, 1, 'XcLxlgB0kn1495535223', '5', 0, '2017-05-23 14:27:06'),
	(76, 13, 3, 'QwRA3r5VGK1495544582', '4', 0, '2017-05-23 17:03:05'),
	(77, 14, 3, 'CvGAD5rxyK1495544903', '2', 0, '2017-05-23 17:08:24'),
	(78, 13, 12, 'jEqJpQz6Tw1495545669', '5', 0, '2017-05-23 17:21:33'),
	(79, 13, 12, 'ueKlio9NQn1495545790', '3', 0, '2017-05-23 17:23:34'),
	(80, 13, 10, 'ueAf621ItL1495546119', '5', 0, '2017-05-23 17:28:48'),
	(81, 13, 8, 'Q0cUSytgMf1495546511', '5', 0, '2017-05-23 17:35:17'),
	(82, 13, 12, 'pf5lyGR3ax1495547966', '5', 0, '2017-05-23 17:59:49'),
	(83, 13, 12, 'iZVmLDBsbg1495547999', '3', 0, '2017-05-23 18:00:00'),
	(84, 13, 13, '7EbLB3NhYJ1495550448', '5', 0, '2017-05-23 18:40:53'),
	(85, 13, 10, 'nPJaU0xOzd1495551675', '2', 0, '2017-05-23 19:01:43'),
	(86, 13, 6, 'SAlHOixsn01495552231', '5', 0, '2017-05-23 19:10:50'),
	(87, 13, 12, 'Oly10UopXr1495553635', '5', 0, '2017-05-23 19:34:25'),
	(88, 13, 8, 'JkVUPG6NCx1495554038', '2', 0, '2017-05-23 19:41:05'),
	(89, 13, 9, 'PO8hdlJ49t1495555349', '1', 0, '2017-05-23 20:03:01'),
	(90, 13, 13, 'zhXlNVFLEW1495556002', '2', 0, '2017-05-23 20:13:58'),
	(91, 13, 13, 'cdWyX8e19j1495556091', '2', 0, '2017-05-23 20:14:55'),
	(92, 13, 8, 'YKs31HlGRT1495557701', '3', 0, '2017-05-23 20:42:17'),
	(93, 13, 8, '0byRHP4zJY1495564155', '2', 0, '2017-05-23 22:30:15'),
	(94, 13, 8, 'Cf8c4hKFeo1495564215', '2', 0, '2017-05-23 22:30:17'),
	(95, 13, 13, 'Wz1kogmsFr1495596381', '5', 0, '2017-05-24 07:26:44'),
	(96, 13, 10, 'VImA5rYsHv1495596644', '5', 0, '2017-05-24 07:30:59'),
	(97, 14, 8, 'rhGM6NPEez1495601281', '4', 0, '2017-05-24 08:48:09'),
	(98, 13, 8, 'd50EYUXzPk1495603922', '5', 0, '2017-05-24 09:32:50'),
	(99, 13, 13, 'D9haAgiwYU1495604740', '5', 0, '2017-05-24 09:46:15'),
	(100, 13, 1, 'b12miZlGoR1495604789', '5', 0, '2017-05-24 09:46:33'),
	(101, 13, 8, 'm8eYRrDUnE1495605130', '5', 0, '2017-05-24 09:52:46'),
	(102, 13, 13, 'UgXrHLlOo31495605283', '5', 0, '2017-05-24 09:55:35'),
	(103, 13, 8, 'HbOlCcGN7x1495605432', '5', 0, '2017-05-24 09:58:00'),
	(104, 13, 7, 'VJ5c1eqp921495605694', '5', 0, '2017-05-24 10:02:04'),
	(105, 13, 7, 'rUeD6CmdGp1495611249', '5', 0, '2017-05-24 11:34:13'),
	(106, 13, 13, 'UAbBvL86uK1495611559', '5', 0, '2017-05-24 11:40:01'),
	(107, 13, 13, 'XdLvAoyEYG1495611619', '5', 0, '2017-05-24 11:40:23'),
	(108, 13, 13, 'zpl3ebaV1g1495611679', '5', 0, '2017-05-24 11:41:24'),
	(109, 13, 7, 'Qu3jE68sdL1495614534', '5', 0, '2017-05-24 12:29:20'),
	(110, 13, 10, 'oT79zqSV5t1495616737', '5', 0, '2017-05-24 13:06:30'),
	(111, 13, 6, 'Vjk1b6HhDJ1495617227', '5', 0, '2017-05-24 13:14:04'),
	(112, 13, 8, 'QPYoytxNfF1495617933', '5', 0, '2017-05-24 13:26:23'),
	(113, 13, 8, 'qXRmlsyJ9T1495617993', '2', 0, '2017-05-24 13:26:34'),
	(114, 13, 8, 'O0LYACjnb91495618295', '5', 0, '2017-05-24 13:31:54'),
	(115, 13, 6, '6tz7c8mLu11495618495', '5', 0, '2017-05-24 13:35:19'),
	(116, 13, 7, 'SXMeDHrLsj1495620272', '5', 0, '2017-05-24 14:05:06'),
	(117, 13, 7, 'ujWYGyZELo1495620332', '5', 0, '2017-05-24 14:05:42'),
	(118, 13, 8, 'AhaFIpwdlT1495621254', '5', 0, '2017-05-24 14:21:34'),
	(119, 13, 8, 'EezkdjWfFa1495621314', '5', 0, '2017-05-24 14:22:28'),
	(120, 13, 1, 'ZBWp9EinNU1495621398', '5', 0, '2017-05-24 14:24:14'),
	(121, 13, 7, 'RFGXx54Miz1495622565', '5', 0, '2017-05-24 14:42:53'),
	(122, 13, 9, 'QB9l62bjaK1495625076', '5', 0, '2017-05-24 15:24:45'),
	(123, 13, 9, 'LtcQDWhIsJ1495625233', '5', 0, '2017-05-24 15:27:59'),
	(124, 13, 12, 'i2oTzSAtn31495626838', '5', 0, '2017-05-24 15:54:43'),
	(125, 13, 12, 'IDLso1cRZb1495627924', '5', 0, '2017-05-24 16:12:42'),
	(126, 13, 9, 'WRDaVcvS9b1495629632', '4', 0, '2017-05-24 16:41:13'),
	(127, 13, 12, 'q0dfOB2a5Y1495630640', '5', 0, '2017-05-24 16:57:37'),
	(128, 13, 8, 'bU3vQP5T9Z1495634725', '2', 0, '2017-05-24 18:05:59'),
	(129, 13, 8, 'mbufzLgN2k1495634767', '5', 0, '2017-05-24 18:06:11'),
	(130, 13, 6, '7p8NyCExRc1495640540', '5', 0, '2017-05-24 19:42:50'),
	(131, 13, 6, 'xLoX1te8K91495640579', '5', 0, '2017-05-24 19:43:01'),
	(132, 13, 13, 'nkvsEGrOiW1495642943', '2', 0, '2017-05-24 20:23:02'),
	(133, 13, 13, '63sg9wxAtp1495684379', '5', 0, '2017-05-25 07:53:16'),
	(134, 13, 8, 'EefTVw7Iah1495692357', '5', 0, '2017-05-25 10:06:17'),
	(135, 13, 8, 'XGOq5PAmTw1495692391', '5', 0, '2017-05-25 10:06:33'),
	(136, 13, 8, 'KpBJiz5fr31495694031', '5', 0, '2017-05-25 10:34:39'),
	(137, 13, 8, 'ReI5ZbsftX1495694627', '1', 0, '2017-05-25 10:44:47'),
	(138, 13, 8, 'hDufl3OKwy1495694688', '5', 0, '2017-05-25 10:44:50'),
	(139, 13, 7, 'w1R9ifCX7z1495694775', '5', 0, '2017-05-25 10:46:23'),
	(140, 13, 8, 'Fb2WYqpBVU1495698009', '4', 0, '2017-05-25 11:40:42'),
	(141, 13, 12, '5Uk8MeFStN1495700850', '5', 0, '2017-05-25 12:28:19'),
	(142, 13, 7, '7pGNIy0Rog1495701836', '5', 0, '2017-05-25 12:44:55'),
	(143, 13, 6, 'gNsy7JM4Ee1495701928', '5', 0, '2017-05-25 12:45:44'),
	(144, 13, 6, 'ZxEXv3DNj51495702169', '5', 0, '2017-05-25 12:49:52'),
	(145, 13, 7, 'H6kETbA9N41495702138', '5', 0, '2017-05-25 12:49:54'),
	(146, 14, 7, '72QKWUVgck1495702204', '4', 0, '2017-05-25 12:50:10'),
	(147, 14, 12, 'vuVkr3LbWj1639548169', '5', 1, '2021-12-15 10:02:59'),
	(148, 13, 12, '6e8R7ltrnG1639557499', '5', 1, '2021-12-15 12:38:40'),
	(149, 13, 12, 'fiVPpOnu411639946899', '3', 1, '2021-12-20 00:48:21'),
	(150, 13, 15, 'IxF02zD91J1640012822', '3', 1, '2021-12-20 19:07:09'),
	(151, 13, 15, '64pN0S9ECv1640058667', '5', 1, '2021-12-21 07:51:37'),
	(152, 13, 15, 'tCwaZfOPE41640087909', '5', 1, '2021-12-21 15:58:34'),
	(153, 13, 20, 'Z4wCdYV6Sx1640096298', '5', 1, '2021-12-21 18:18:45'),
	(154, 13, 20, 'JNIbwGA6c41640096339', '5', 1, '2021-12-21 18:19:02'),
	(155, 13, 20, 'DObohjPs5V1640100138', '5', 1, '2021-12-21 19:23:14'),
	(156, 13, 25, 'FdhjoaGNnU1640142882', '5', 1, '2021-12-22 07:17:18'),
	(157, 14, 25, '1YN5rFLI7w1640143064', '5', 1, '2021-12-22 07:17:49'),
	(158, 13, 12, 'QDy42RW0CP1640147446', '5', 1, '2021-12-22 08:30:57'),
	(159, 13, 12, 'wYbrV4H5hQ1640147506', '5', 1, '2021-12-22 08:31:49'),
	(160, 14, 12, 'c6OaudmhXT1640147570', '5', 1, '2021-12-22 08:33:02'),
	(161, 13, 18, '0OL4jgpr9J1640248946', '2', 1, '2021-12-23 12:47:21'),
	(162, 13, 18, 'Y4QopTwmrA1640249241', '2', 1, '2021-12-23 12:47:22'),
	(163, 13, 16, 'a02ATFrlfi1640592448', '5', 1, '2021-12-27 12:07:32'),
	(164, 13, 25, 'ouh6qfCAEK1640619656', '5', 1, '2021-12-27 19:41:04'),
	(165, 13, 20, 'W7kuB64RIS1640619915', '3', 1, '2021-12-27 19:45:51'),
	(166, 13, 25, 'CW0iJIplDo1640662219', '5', 1, '2021-12-28 07:30:21'),
	(167, 13, 25, 'LsTqjRXtPp1640662242', '5', 1, '2021-12-28 07:30:44'),
	(168, 13, 25, 'MnSI795cxt1640662250', '5', 1, '2021-12-28 07:30:52'),
	(169, 13, 25, '9NUnXliWox1640665472', '5', 1, '2021-12-28 08:25:33'),
	(170, 13, 17, 'kd2obqO1N51640665854', '5', 1, '2021-12-28 08:31:26'),
	(171, 13, 17, 'LPUHgfw3tl1640665907', '5', 1, '2021-12-28 08:31:49'),
	(172, 13, 17, 'LPUHgfw3tl1640665907', '5', 1, '2021-12-28 08:32:18'),
	(173, 14, 17, 'U4kYqhKC8u1640665959', '5', 1, '2021-12-28 08:32:47'),
	(174, 14, 17, 'BncsJYPiN11640665982', '5', 1, '2021-12-28 08:33:05'),
	(175, 13, 17, '9vVKBEQepP1640666008', '5', 1, '2021-12-28 08:33:38'),
	(176, 13, 21, '0amXzYlEA41640667514', '5', 1, '2021-12-28 08:59:28'),
	(177, 13, 21, '4GD0A2QScU1640667575', '4', 1, '2021-12-28 08:59:36'),
	(178, 13, 21, 'iWhIYgMJvy1640674697', '5', 1, '2021-12-28 10:58:29'),
	(179, 13, 12, 'VDzcjBJKrb1640676852', '5', 1, '2021-12-28 11:34:26'),
	(180, 13, 22, 'MFTibGw9EQ1640678399', '5', 1, '2021-12-28 12:00:02'),
	(181, 13, 12, 'AvWBXt2T9I1640685228', '5', 1, '2021-12-28 13:53:58'),
	(182, 13, 12, 'gRr9Dh3TQP1640685253', '5', 1, '2021-12-28 13:54:14'),
	(183, 13, 12, 'Vpth7kOXLw1640685313', '5', 1, '2021-12-28 13:55:32'),
	(184, 13, 12, 'Vpth7kOXLw1640685313', '5', 1, '2021-12-28 13:55:46'),
	(185, 13, 25, 'k1Hjel7BbC1640687898', '2', 1, '2021-12-28 14:38:57'),
	(186, 13, 25, 'zJAc7lx0ed1640688008', '2', 1, '2021-12-28 14:40:13'),
	(187, 13, 21, 'NUfznTuYcg1640690269', '5', 1, '2021-12-28 15:18:11'),
	(188, 14, 27, 'tn7bBmclso1640702570', '5', 1, '2021-12-28 18:43:06'),
	(189, 13, 20, '6hHONFo2Wx1640702820', '5', 1, '2021-12-28 18:47:08'),
	(190, 13, 24, 'BMyluZPoft1640704497', '5', 1, '2021-12-28 19:15:45'),
	(191, 13, 24, 'OFUvxcQElP1640704553', '5', 1, '2021-12-28 19:15:55'),
	(192, 13, 24, 'LlFuHaed8v1640705522', '2', 1, '2021-12-28 19:32:55'),
	(193, 13, 24, 'l10XtfRvH51640705581', '4', 1, '2021-12-28 19:33:02'),
	(194, 13, 26, 'rXP4os8zSY1640120264', '5', 1, '2021-12-28 19:50:24'),
	(195, 13, 12, '3pCMGnEhl41640687459', '5', 1, '2021-12-29 09:25:30'),
	(196, 13, 12, '3pCMGnEhl41640687459', '5', 1, '2021-12-29 09:25:43'),
	(197, 13, 22, '5kcsWbCPft1640763011', '5', 1, '2021-12-29 11:30:16'),
	(198, 13, 21, 'VKH8fsmu4o1640765673', '5', 1, '2021-12-29 12:14:37'),
	(199, 13, 29, 'hTjzlOp8y61640767562', '5', 1, '2021-12-29 12:46:06'),
	(200, 13, 29, 'mlSCLiEIN41640767578', '5', 1, '2021-12-29 12:46:19'),
	(201, 13, 15, 'KwF0JVf9I71640767608', '3', 1, '2021-12-29 12:47:17'),
	(202, 13, 29, 'KHTcNEUJIi1640770783', '4', 1, '2021-12-29 13:40:41'),
	(203, 13, 29, '2dtCpS4Z9x1640770844', '4', 1, '2021-12-29 13:40:45'),
	(204, 13, 21, 'nEDbzMC3w81640772278', '5', 1, '2021-12-29 14:05:38'),
	(205, 13, 22, 'C1HJrB4qdG1640772364', '5', 1, '2021-12-29 14:06:21'),
	(206, 13, 15, 'XrcZsaqSjx1640774992', '5', 1, '2021-12-29 14:50:16'),
	(207, 13, 19, 'QFxYdNrl9J1640775931', '5', 1, '2021-12-29 15:06:29'),
	(208, 13, 19, 'zqEKMbJvhR1640775992', '5', 1, '2021-12-29 15:06:33'),
	(209, 13, 29, 'Y3U54AjfMk1640784752', '5', 1, '2021-12-29 17:33:30'),
	(210, 14, 27, 'gNSW0EZphv1640787719', '5', 1, '2021-12-29 18:24:01'),
	(211, 14, 29, 'EKMp0S1XjB1640788945', '5', 1, '2021-12-29 18:42:34'),
	(212, 13, 28, '6ckRPWdhv71640789073', '2', 1, '2021-12-29 18:44:37'),
	(213, 14, 29, 'tHCVUqAma11640789589', '5', 1, '2021-12-29 18:53:16'),
	(214, 14, 29, 'HF7Qq4zh1x1640789613', '5', 1, '2021-12-29 18:53:37'),
	(215, 13, 23, 'svqjX4MEZP1640791677', '5', 1, '2021-12-29 19:28:54'),
	(216, 13, 20, 'TwQs9m7UYu1640792754', '5', 1, '2021-12-29 19:46:10'),
	(217, 14, 29, '4DfeE90haC1640789624', '5', 1, '2021-12-29 19:59:25'),
	(218, 13, 28, 'BSTtOYJuyI1640838888', '5', 1, '2021-12-30 08:35:47'),
	(219, 13, 25, 'mtrAzPsWo71640841169', '5', 1, '2021-12-30 09:13:21'),
	(220, 13, 22, 'gPiqVZalJb1640842071', '5', 1, '2021-12-30 09:28:08'),
	(221, 13, 22, 'UpG9Yt4zZy1640842104', '5', 1, '2021-12-30 09:28:26'),
	(222, 13, 28, 'RgCN0UQYP81640843392', '5', 1, '2021-12-30 09:49:56'),
	(223, 13, 28, 'RgCN0UQYP81640843392', '5', 1, '2021-12-30 09:50:28'),
	(224, 13, 21, '81WbKxDXLA1640848156', '5', 1, '2021-12-30 11:09:48'),
	(225, 13, 22, 'y8fawXYV3T1640850811', '5', 1, '2021-12-30 11:53:47'),
	(226, 13, 22, 'JlE08OMaWe1640850846', '5', 1, '2021-12-30 11:54:07'),
	(227, 13, 28, 'xoqHT9Bs4F1640853106', '5', 1, '2021-12-30 12:31:53'),
	(228, 13, 24, 'wL1098XtQd1640862125', '5', 1, '2021-12-30 15:03:06'),
	(229, 13, 24, 'LmvJbf9ano1640862186', '5', 1, '2021-12-30 15:03:07'),
	(230, 13, 24, '5vEbR7pcNM1640865234', '4', 1, '2021-12-30 15:54:44'),
	(231, 13, 24, 'EJY8AdWRgO1640865295', '5', 1, '2021-12-30 15:55:03'),
	(232, 13, 25, 'eqU4aPNQvu1641183885', '5', 1, '2022-01-03 08:25:45'),
	(233, 14, 19, 'fWig0FmVDJ1640845375', '5', 1, '2022-01-03 08:36:56'),
	(234, 13, 25, 'OBDWdPMwSc1641185287', '5', 1, '2022-01-03 08:48:46'),
	(235, 13, 25, 'nZyVatLDzb1641185348', '5', 1, '2022-01-03 08:49:10'),
	(236, 13, 22, 'OQck4sUE051641188925', '2', 1, '2022-01-03 09:49:42'),
	(237, 14, 27, 'oZk71NjcV41640787851', '5', 1, '2022-01-03 12:31:59'),
	(238, 13, 24, '36rXIf4wiY1641209163', '5', 1, '2022-01-03 15:26:38'),
	(239, 13, 26, '5JHMCtAmrI1641290077', '5', 1, '2022-01-04 13:55:12'),
	(240, 13, 24, 'Gc03WANmr91641293377', '5', 1, '2022-01-04 14:50:10'),
	(241, 13, 26, 'jitlBpNnXq1641362041', '5', 1, '2022-01-05 09:54:37'),
	(242, 13, 18, 'EjdTphK9YC1641365192', '5', 1, '2022-01-05 10:47:03'),
	(243, 13, 21, 'fPB3lYkZFC1641367350', '5', 1, '2022-01-05 11:23:25'),
	(244, 13, 26, '54rAhiwBsp1641367407', '5', 1, '2022-01-05 11:24:24'),
	(245, 13, 26, 'An47DvBUdO1641367468', '5', 1, '2022-01-05 11:24:32'),
	(246, 13, 26, 'rSkUJjvmF41641367499', '4', 1, '2022-01-05 11:25:00'),
	(247, 13, 24, 'DTG8R6Y5A11641369511', '5', 1, '2022-01-05 11:59:21'),
	(248, 13, 26, 'xvNBAPc0nM1641371641', '5', 1, '2022-01-05 12:34:04'),
	(249, 13, 26, 'MOVz4kn8eW1641375570', '5', 1, '2022-01-05 13:39:55'),
	(250, 13, 26, 'RN0jJ6p9zO1641375606', '5', 1, '2022-01-05 13:40:09'),
	(251, 13, 21, '0eXLkBUyV61641375945', '2', 1, '2022-01-05 13:45:59'),
	(252, 13, 24, 'N7JZBOj0wf1641378812', '5', 1, '2022-01-05 14:33:54'),
	(253, 14, 24, 'DVUt6L24sk1641379563', '5', 1, '2022-01-05 14:46:10'),
	(254, 13, 26, 'Zq3hVuRkto1641380722', '5', 1, '2022-01-05 15:06:13'),
	(255, 14, 24, 'VckxmjTZzI1641379585', '5', 1, '2022-01-06 13:48:15'),
	(256, 13, 26, 'flHk0V8eTC1641530524', '5', 1, '2022-01-07 08:42:57'),
	(257, 13, 26, 'mBGU2SZqiv1641539471', '5', 1, '2022-01-07 11:12:10'),
	(258, 14, 26, 'GrkpoxOuPj1641539542', '5', 1, '2022-01-07 11:12:27'),
	(259, 14, 26, 'NhpsJDbkEz1641539562', '2', 1, '2022-01-07 11:12:47'),
	(260, 14, 26, 'ofLCkq7mME1641539574', '5', 1, '2022-01-07 11:12:55'),
	(261, 13, 22, 'tO4lxRGD2q1641805072', '5', 1, '2022-01-10 12:57:58'),
	(262, 13, 16, '8spjZuLJEW1641900584', '5', 1, '2022-01-11 15:29:51'),
	(263, 13, 16, 'frVwkIajvc1641900596', '5', 1, '2022-01-11 15:29:57'),
	(264, 13, 16, 'YJqw48FomM1641901146', '5', 1, '2022-01-11 15:39:43'),
	(265, 13, 16, 'F8ZzR9spOg1641901188', '5', 1, '2022-01-11 15:39:52'),
	(266, 13, 16, 'rX7vkJUid21641901196', '5', 1, '2022-01-11 15:40:15'),
	(267, 13, 15, 'mftFla6jqz1641901624', '5', 1, '2022-01-11 15:47:07'),
	(268, 13, 26, '4Tj5uFAZlo1641913674', '5', 1, '2022-01-11 19:08:37'),
	(269, 13, 25, 'kqCbXLRy2m1641913887', '5', 1, '2022-01-11 19:11:53'),
	(270, 13, 12, 'QLBNM0G57n1641964325', '5', 1, '2022-01-12 09:12:07'),
	(271, 13, 12, 'yZaGf4XEsW1641965235', '5', 1, '2022-01-12 09:28:03'),
	(272, 13, 26, 'neDpd3Troc1641966172', '5', 1, '2022-01-12 09:43:47'),
	(273, 13, 12, 'L6QychoRue1641967175', '5', 1, '2022-01-12 10:00:06'),
	(274, 13, 26, 'LfCRdInawS1641970497', '5', 1, '2022-01-12 10:55:15'),
	(275, 13, 25, 'UcdspbeX0S1641974947', '5', 1, '2022-01-12 12:09:37'),
	(276, 13, 12, 'CfKWwQSUNO1641981554', '5', 1, '2022-01-12 14:00:13'),
	(277, 13, 25, 'iRawWmFXVP1641981853', '3', 1, '2022-01-12 14:05:14'),
	(278, 13, 25, 'h312JfWz6p1641981921', '3', 1, '2022-01-12 14:05:25'),
	(279, 13, 25, '1gjEkDSsrd1641981960', '5', 1, '2022-01-12 14:06:02'),
	(280, 14, 25, '8u9dxE3Jrk1641981974', '5', 1, '2022-01-12 14:15:40'),
	(281, 13, 26, 'I39AL1QX2x1641978551', '4', 1, '2022-01-12 15:17:02'),
	(282, 13, 25, 'Ahk6PiSnQH1641990052', '5', 1, '2022-01-12 16:21:00'),
	(283, 13, 25, 'ouBXVWA34Y1641990658', '5', 1, '2022-01-12 16:31:04'),
	(284, 13, 25, 'F9xIgGrNjm1641990719', '5', 1, '2022-01-12 16:32:05'),
	(285, 13, 25, 'NBjw4QSI6u1641991386', '5', 1, '2022-01-12 16:43:45'),
	(286, 13, 15, 'lKj0CpZVLm1641994303', '5', 1, '2022-01-12 17:32:21'),
	(287, 13, 16, '5fvGdsy2uQ1641994314', '5', 1, '2022-01-12 17:32:26'),
	(288, 13, 15, '4acSgRoFBN1641995029', '5', 1, '2022-01-12 17:43:50'),
	(289, 13, 15, 'FwMvn9dOyf1641995045', '5', 1, '2022-01-12 17:44:29'),
	(290, 13, 26, '4eHQGXx5JK1641996696', '4', 1, '2022-01-12 18:12:06'),
	(291, 13, 16, 'TRNSzsk8Mt1641999762', '5', 1, '2022-01-12 19:03:03'),
	(292, 13, 15, 'NuqdSCIjx81642001888', '5', 1, '2022-01-12 19:38:24'),
	(293, 13, 15, 'Px7u4BaT2r1642001970', '5', 1, '2022-01-12 19:39:40'),
	(294, 13, 22, '4laVwp6ufb1642047685', '5', 1, '2022-01-13 08:21:33'),
	(295, 13, 22, 'HQE1XxZ3Jb1642047717', '5', 1, '2022-01-13 08:22:25'),
	(296, 13, 16, '3w8iOvfxFp1642048255', '5', 1, '2022-01-13 08:31:18'),
	(297, 13, 26, 'ZFYjKhbPJE1642057929', '5', 1, '2022-01-13 11:12:53'),
	(298, 13, 24, 'mqLgX7HZ3E1642058362', '5', 1, '2022-01-13 11:20:01'),
	(299, 13, 24, 'DAgqjQFyfc1642060240', '5', 1, '2022-01-13 11:50:51'),
	(300, 13, 26, 'sRWLnXz6h21642061154', '5', 1, '2022-01-13 12:05:55'),
	(301, 13, 12, 'CwixWQT1gV1642072077', '5', 1, '2022-01-13 15:08:41'),
	(302, 13, 24, 'TBVA48ZmrO1642072908', '5', 1, '2022-01-13 15:21:54'),
	(303, 13, 24, 'jvsbcKhp7L1642073331', '5', 1, '2022-01-13 15:29:49'),
	(304, 13, 24, 'L7BJm6N5vY1642073392', '5', 1, '2022-01-13 15:29:54'),
	(305, 13, 24, 'eHJIWLCB1T1642074120', '5', 1, '2022-01-13 15:42:33'),
	(306, 14, 24, 'bvnX9uwJeZ1642074216', '5', 1, '2022-01-13 15:43:44'),
	(307, 13, 16, 'uASTWeiXv11642492587', '5', 1, '2022-01-18 11:56:28'),
	(308, 13, 15, 'Lim6jRZu401642952432', '3', 1, '2022-01-23 19:40:43'),
	(309, 13, 15, 'OB4r0DHJk81642952615', '4', 1, '2022-01-23 19:43:39'),
	(310, 13, 12, 'DJIc4xAbHO1643031225', '2', 1, '2022-01-24 17:33:52'),
	(311, 13, 15, 'asdsadsa', '3', 1, '2022-01-26 02:45:05'),
	(312, 13, 15, 'asdsadsa', '4', 1, '2022-01-26 02:45:41'),
	(313, 13, 15, 'asdsadsa', '2', 1, '2022-01-26 02:48:00'),
	(314, 13, 15, 'asdsadsa', '4', 1, '2022-01-26 03:08:52'),
	(315, 13, 15, 'asdsadsa', '4', 1, '2022-01-26 03:10:06'),
	(316, 13, 15, 'asdsadsa', '4', 1, '2022-01-26 03:12:27'),
	(317, 13, 15, 'asdsadsa', '4', 1, '2022-01-26 03:13:47'),
	(318, 13, 15, 'asdsadsa', '4', 1, '2022-01-26 03:17:51'),
	(319, 13, 15, 'asdsadsa', '5', 1, '2022-01-26 03:18:33'),
	(320, 13, 15, 'asdsadsa', '3', 1, '2022-01-26 03:23:38'),
	(321, 13, 15, 'asdsadsa', '3', 1, '2022-01-26 03:25:14'),
	(322, 13, 15, 'MTU5NC4yMDMuMTEzLjIxNjZJWm5zaG9EakFLUVhrT2E=', '4', 1, '2022-01-26 03:58:14'),
	(323, 13, 15, 'MTU5NC4yMDMuMTEzLjIxNjZJWm5zaG9EakFLUVhrT2E=', '4', 1, '2022-01-26 04:07:29'),
	(324, 13, 15, 'MTU5NC4yMDMuMTEzLjIxNjZJWm5zaG9EakFLUVhrT2E=', '5', 1, '2022-01-26 04:08:15'),
	(325, 13, 16, 'MTY4My4xMTAuMjAzLjEzNUxOc3RyWkpwbDFmeEduYVY=', '5', 1, '2022-01-26 10:16:55'),
	(326, 13, 16, 'MTY4My4xMTAuMjAzLjEzNUxOc3RyWkpwbDFmeEduYVY=', '5', 1, '2022-01-26 10:27:59'),
	(327, 13, 15, 'MTU5MS43My4xNjguMzBydzR0MUtvMFdwZFh5VFFu', '4', 1, '2022-01-26 10:54:55'),
	(328, 13, 25, 'MjU4My4xMTAuMjAzLjEzNXhyMGlzNW9uUXR3SVhFTHk=', '5', 1, '2022-01-26 10:57:29'),
	(329, 13, 27, 'Mjc4My4xMTAuMjAzLjEzNWw1emtCNkhXOXI3TXRhYkk=', '5', 1, '2022-01-26 11:08:13'),
	(330, 13, 26, 'MjY4My4xMTAuMjAzLjEzNW1KTjRhdmhSS0FIeFNZUFY=', '5', 1, '2022-01-26 11:10:13'),
	(331, 13, 27, 'Mjc4My4xMTAuMjAzLjEzNWw1emtCNkhXOXI3TXRhYkk=', '5', 1, '2022-01-26 12:19:39'),
	(332, 13, 16, 'MTY4My4xMTAuMjAzLjEzNUxOc3RyWkpwbDFmeEduYVY=', '5', 1, '2022-01-26 12:21:38'),
	(333, 13, 16, 'MTY4My4xMTAuMjAzLjEzNUxOc3RyWkpwbDFmeEduYVY=', '5', 1, '2022-01-26 12:24:41'),
	(334, 13, 15, 'MTU4My4xMTAuMjAzLjEzNTlNY1RsTHE1VW5CajJXc0s=', '5', 1, '2022-01-26 12:32:17'),
	(335, 13, 18, 'MTg4My4xMTAuMjAzLjEzNTl4TTVTUUxFcG1PV2VhUEI=', '5', 1, '2022-01-26 12:43:35'),
	(336, 13, 20, 'MjA4My4xMTAuMjAzLjEzNUllSnBmc0dtUHRkRGdhVXk=', '5', 1, '2022-01-26 13:13:12'),
	(337, 13, 24, 'MjQ4My4xMTAuMjAzLjEzNUJDTGxWcFlSTzZib1BydE0=', '5', 1, '2022-01-26 13:13:23'),
	(338, 13, 20, 'MjA4My4xMTAuMjAzLjEzNUllSnBmc0dtUHRkRGdhVXk=', '5', 1, '2022-01-26 13:13:26'),
	(339, 13, 20, 'MjA4My4xMTAuMjAzLjEzNUllSnBmc0dtUHRkRGdhVXk=', '5', 1, '2022-01-26 13:13:42'),
	(340, 13, 27, 'Mjc4My4xMTAuMjAzLjEzNWw1emtCNkhXOXI3TXRhYkk=', '5', 1, '2022-01-26 13:31:07'),
	(341, 13, 27, 'Mjc4My4xMTAuMjAzLjEzNWw1emtCNkhXOXI3TXRhYkk=', '5', 1, '2022-01-26 13:33:24'),
	(342, 13, 29, 'Mjk4My4xMTAuMjAzLjEzNVF2SkdZQXFoZXlCNXhQZlU=', '5', 1, '2022-01-26 13:41:16'),
	(343, 13, 26, 'MjY4My4xMTAuMjAzLjEzNW1KTjRhdmhSS0FIeFNZUFY=', '5', 1, '2022-01-26 13:55:18'),
	(344, 13, 26, 'MjY4My4xMTAuMjAzLjEzNW1KTjRhdmhSS0FIeFNZUFY=', '2', 1, '2022-01-26 14:17:09'),
	(345, 13, 27, 'Mjc4My4xMTAuMjAzLjEzNWtiVXAxZW0zZm53Rlg0REs=', '5', 1, '2022-01-26 15:38:09'),
	(346, 13, 27, 'Mjc4My4xMTAuMjAzLjEzNWtiVXAxZW0zZm53Rlg0REs=', '5', 1, '2022-01-26 15:38:34'),
	(347, 13, 27, 'Mjc4My4xMTAuMjAzLjEzNWtiVXAxZW0zZm53Rlg0REs=', '5', 1, '2022-01-26 15:43:38'),
	(348, 13, 27, 'Mjc4My4xMTAuMjAzLjEzNWtiVXAxZW0zZm53Rlg0REs=', '5', 1, '2022-01-26 15:47:40'),
	(349, 13, 27, 'Mjc4My4xMTAuMjAzLjEzNWtiVXAxZW0zZm53Rlg0REs=', '5', 1, '2022-01-26 15:48:34'),
	(350, 13, 22, 'MjI4My4xMTAuMjAzLjEzNVd6REx5ZmRhclU4a09wUHM=', '5', 1, '2022-01-26 17:29:13'),
	(351, 13, 20, 'MjA4My4xMTAuMjAzLjEzNUllSnBmc0dtUHRkRGdhVXk=', '5', 1, '2022-01-26 19:09:30'),
	(352, 13, 27, 'Mjc4My4xMTAuMjAzLjEzNWtiVXAxZW0zZm53Rlg0REs=', '5', 1, '2022-01-27 08:02:18'),
	(353, 13, 15, 'MTU4My4xMTAuMjAzLjEzNTlNY1RsTHE1VW5CajJXc0s=', '5', 1, '2022-01-27 08:35:30'),
	(354, 13, 24, 'MjQ4My4xMTAuMjAzLjEzNUJDTGxWcFlSTzZib1BydE0=', '5', 1, '2022-01-27 09:32:02'),
	(355, 13, 25, 'MjU4My4xMTAuMjAzLjEzNXhyMGlzNW9uUXR3SVhFTHk=', '2', 1, '2022-01-27 11:34:08'),
	(356, 13, 25, 'MjU4My4xMTAuMjAzLjEzNXhyMGlzNW9uUXR3SVhFTHk=', '2', 1, '2022-01-27 11:34:25'),
	(357, 13, 26, 'MjY4My4xMTAuMjAzLjEzNW1KTjRhdmhSS0FIeFNZUFY=', '2', 1, '2022-01-27 12:13:36'),
	(358, 13, 18, 'MTg4My4xMTAuMjAzLjEzNTl4TTVTUUxFcG1PV2VhUEI=', '5', 1, '2022-01-27 12:53:07'),
	(359, 13, 28, 'Mjg4My4xMTAuMjAzLjEzNXE4djJRSlZ6VTlQQUlwc0s=', '5', 1, '2022-01-27 15:52:32'),
	(360, 13, 28, 'Mjg4My4xMTAuMjAzLjEzNXE4djJRSlZ6VTlQQUlwc0s=', '5', 1, '2022-01-27 16:01:15'),
	(361, 13, 29, 'Mjk4My4xMTAuMjAzLjEzNVF2SkdZQXFoZXlCNXhQZlU=', '5', 1, '2022-01-27 18:58:02'),
	(362, 13, 29, 'Mjk4My4xMTAuMjAzLjEzNVF2SkdZQXFoZXlCNXhQZlU=', '5', 1, '2022-01-27 18:58:10'),
	(363, 13, 29, 'Mjk4My4xMTAuMjAzLjEzNVF2SkdZQXFoZXlCNXhQZlU=', '5', 1, '2022-01-27 18:58:21'),
	(364, 13, 25, 'MjU4My4xMTAuMjAzLjEzNXhyMGlzNW9uUXR3SVhFTHk=', '5', 1, '2022-01-27 19:29:02'),
	(365, 13, 25, 'MjU4My4xMTAuMjAzLjEzNXhyMGlzNW9uUXR3SVhFTHk=', '4', 1, '2022-01-27 19:29:18'),
	(366, 13, 18, 'MTg4My4xMTAuMjAzLjEzNTl4TTVTUUxFcG1PV2VhUEI=', '5', 1, '2022-01-30 19:32:09'),
	(367, 13, 27, 'Mjc4My4xMTAuMjAzLjEzNWtiVXAxZW0zZm53Rlg0REs=', '5', 1, '2022-01-31 08:06:02'),
	(368, 13, 27, 'Mjc4My4xMTAuMjAzLjEzNWtiVXAxZW0zZm53Rlg0REs=', '5', 1, '2022-01-31 08:07:47'),
	(369, 13, 20, 'MjA4My4xMTAuMjAzLjEzNUllSnBmc0dtUHRkRGdhVXk=', '2', 1, '2022-01-31 08:52:34'),
	(370, 13, 29, 'Mjk4My4xMTAuMjAzLjEzNXZzVDV0NzRWcVA4SUNjbUE=', '3', 1, '2022-01-31 09:00:46'),
	(371, 13, 18, 'MTg4My4xMTAuMjAzLjEzNTl4TTVTUUxFcG1PV2VhUEI=', '5', 1, '2022-01-31 09:27:27'),
	(372, 13, 18, 'MTg4My4xMTAuMjAzLjEzNTl4TTVTUUxFcG1PV2VhUEI=', '5', 1, '2022-01-31 09:33:31'),
	(373, 13, 26, 'MjY4My4xMTAuMjAzLjEzNW1KTjRhdmhSS0FIeFNZUFY=', '5', 1, '2022-01-31 09:40:53'),
	(374, 13, 18, 'MTg4My4xMTAuMjAzLjEzNTl4TTVTUUxFcG1PV2VhUEI=', '5', 1, '2022-01-31 10:33:36'),
	(375, 13, 21, 'MjE4My4xMTAuMjAzLjEzNW9yM1JsU2Y3aDBHV2NISm0=', '5', 1, '2022-01-31 10:59:40'),
	(376, 13, 27, 'Mjc4My4xMTAuMjAzLjEzNWtiVXAxZW0zZm53Rlg0REs=', '5', 1, '2022-01-31 11:06:55'),
	(377, 13, 29, 'Mjk4My4xMTAuMjAzLjEzNXZzVDV0NzRWcVA4SUNjbUE=', '5', 1, '2022-01-31 13:42:02'),
	(378, 13, 18, 'MTg4My4xMTAuMjAzLjEzNTl4TTVTUUxFcG1PV2VhUEI=', '2', 1, '2022-01-31 14:01:30'),
	(379, 13, 20, 'MjA4My4xMTAuMjAzLjEzNUllSnBmc0dtUHRkRGdhVXk=', '2', 1, '2022-01-31 15:14:24'),
	(380, 13, 20, 'MjA4My4xMTAuMjAzLjEzNUllSnBmc0dtUHRkRGdhVXk=', '5', 1, '2022-01-31 15:14:46'),
	(381, 13, 25, 'MjU4My4xMTAuMjAzLjEzNXhyMGlzNW9uUXR3SVhFTHk=', '5', 1, '2022-01-31 15:34:11'),
	(382, 13, 20, 'MjA4My4xMTAuMjAzLjEzNUllSnBmc0dtUHRkRGdhVXk=', '5', 1, '2022-01-31 15:35:35'),
	(383, 13, 29, 'Mjk4My4xMTAuMjAzLjEzNXZzVDV0NzRWcVA4SUNjbUE=', '5', 1, '2022-01-31 18:04:52'),
	(384, 13, 23, 'MjM4My4xMTAuMjAzLjEzNUJMNzI2b2xUdVZDaDFqVXk=', '2', 1, '2022-02-01 10:42:41'),
	(385, 13, 25, 'MjU4My4xMTAuMjAzLjEzNXhyMGlzNW9uUXR3SVhFTHk=', '3', 1, '2022-02-01 15:12:22'),
	(386, 13, 24, 'MjQ4My4xMTAuMjAzLjEzNUJDTGxWcFlSTzZib1BydE0=', '2', 1, '2022-02-01 15:54:35'),
	(387, 13, 25, 'MjU4My4xMTAuMjAzLjEzNXhyMGlzNW9uUXR3SVhFTHk=', '5', 1, '2022-02-01 15:58:13'),
	(388, 13, 25, 'MjU4My4xMTAuMjAzLjEzNXhyMGlzNW9uUXR3SVhFTHk=', '5', 1, '2022-02-01 15:58:35'),
	(389, 13, 25, 'MjU4My4xMTAuMjAzLjEzNXhyMGlzNW9uUXR3SVhFTHk=', '5', 1, '2022-02-01 15:58:42'),
	(390, 13, 27, 'Mjc4My4xMTAuMjAzLjEzNU1ib05VRFFKbHdxWlRBa24=', '5', 1, '2022-02-02 11:00:28'),
	(391, 13, 27, 'Mjc4My4xMTAuMjAzLjEzNU1ib05VRFFKbHdxWlRBa24=', '5', 1, '2022-02-02 11:04:31'),
	(392, 13, 27, 'Mjc4My4xMTAuMjAzLjEzNU1ib05VRFFKbHdxWlRBa24=', '5', 1, '2022-02-02 11:13:31'),
	(393, 13, 20, 'MjA4My4xMTAuMjAzLjEzNUllSnBmc0dtUHRkRGdhVXk=', '5', 1, '2022-02-02 18:15:27'),
	(394, 13, 12, 'MTI5NC4yMDMuNDQuMjA4eDE5SmxhQVNHdEU2dnUwYw==', '5', 1, '2022-02-02 21:10:00'),
	(395, 13, 12, 'MTIxMzcuOTcuOTkuMjQyRWU5ek8yYkJHeWFRVlQ3Mw==', '5', 1, '2022-02-03 07:03:54'),
	(396, 13, 12, 'MTIxMzcuOTcuOTkuMjQyRWU5ek8yYkJHeWFRVlQ3Mw==', '2', 1, '2022-02-03 10:45:11'),
	(397, 13, 18, 'MTg4My4xMTAuMjAzLjEzNTl4TTVTUUxFcG1PV2VhUEI=', '5', 1, '2022-02-03 11:16:20');
/*!40000 ALTER TABLE `tbl_answer` ENABLE KEYS */;

CREATE TABLE IF NOT EXISTS `tbl_auser` (
  `user_id` int(11) NOT NULL AUTO_INCREMENT,
  `user_group_id` int(11) NOT NULL,
  `username` varchar(32) NOT NULL,
  `password` varchar(40) NOT NULL,
  `key` varchar(32) NOT NULL,
  `firstname` varchar(32) NOT NULL,
  `lastname` varchar(32) NOT NULL,
  `image` varchar(100) NOT NULL,
  `type` varchar(32) NOT NULL,
  `status` tinyint(1) NOT NULL,
  `email` varchar(64) NOT NULL,
  `dateadded` datetime NOT NULL,
  PRIMARY KEY (`user_id`)
) ENGINE=InnoDB DEFAULT CHARSET=latin1;

/*!40000 ALTER TABLE `tbl_auser` DISABLE KEYS */;
INSERT INTO `tbl_auser` (`user_id`, `user_group_id`, `username`, `password`, `key`, `firstname`, `lastname`, `image`, `type`, `status`, `email`, `dateadded`) VALUES
	(1, 1, 'admin', '21232f297a57a5a743894a0e4a801fc3', 'demo', 'Administrator', '', '', 'admin', 1, 'rashid@dnamedia.ae', '2016-12-22 00:00:00'),
	(2, 1, 'saheeda', '21232f297a57a5a743894a0e4a801fc3', 'demo', 'Saheeda', 'Mohammed', '', 'admin', 1, 'sahi336@gmail.com', '2017-01-17 00:00:00'),
	(3, 1, 'dubaicourt', '5c6e9f5bfa5c44a48934d3cba7a2e323', 'demo', 'Dubai', 'Court', '', 'admin', 1, 'dubaicourt@email.com', '2017-01-17 00:00:00');
/*!40000 ALTER TABLE `tbl_auser` ENABLE KEYS */;

CREATE TABLE IF NOT EXISTS `tbl_auser_group` (
  `user_group_id` int(11) NOT NULL AUTO_INCREMENT,
  `group_name` varchar(32) NOT NULL,
  `permission_r` varchar(1024) NOT NULL,
  `permission_w` varchar(1024) NOT NULL,
  `status` tinyint(1) NOT NULL,
  `dateadded` datetime NOT NULL,
  PRIMARY KEY (`user_group_id`)
) ENGINE=InnoDB DEFAULT CHARSET=latin1;

/*!40000 ALTER TABLE `tbl_auser_group` DISABLE KEYS */;
INSERT INTO `tbl_auser_group` (`user_group_id`, `group_name`, `permission_r`, `permission_w`, `status`, `dateadded`) VALUES
	(1, 'Admin', '', '', 1, '2016-12-21 00:00:00');
/*!40000 ALTER TABLE `tbl_auser_group` ENABLE KEYS */;

CREATE TABLE IF NOT EXISTS `tbl_auser_login` (
  `log_id` int(11) NOT NULL AUTO_INCREMENT,
  `user_id` int(11) NOT NULL,
  `email_id` varchar(100) NOT NULL,
  `ip` varchar(64) NOT NULL,
  `status` tinyint(1) NOT NULL,
  `dateadded` datetime NOT NULL,
  PRIMARY KEY (`log_id`)
) ENGINE=InnoDB DEFAULT CHARSET=latin1;

/*!40000 ALTER TABLE `tbl_auser_login` DISABLE KEYS */;
INSERT INTO `tbl_auser_login` (`log_id`, `user_id`, `email_id`, `ip`, `status`, `dateadded`) VALUES
	(1, 1, 'admin', '::1', 1, '2017-03-08 22:39:09'),
	(2, 1, 'admin', '::1', 1, '2017-03-08 23:02:00'),
	(3, 1, 'admin', '::1', 1, '2017-03-09 09:43:53'),
	(4, 1, 'admin', '::1', 1, '2017-03-09 13:21:58'),
	(5, 1, 'admin', '::1', 1, '2017-03-11 16:38:31'),
	(6, 0, 'admin', '::1', 0, '2017-03-12 09:50:58'),
	(7, 1, 'admin', '::1', 1, '2017-03-12 09:51:08'),
	(8, 1, 'admin', '::1', 1, '2017-03-12 16:11:34'),
	(9, 1, 'admin', '::1', 1, '2017-03-12 21:02:21'),
	(10, 1, 'admin', '::1', 1, '2017-03-25 02:24:21'),
	(11, 1, 'admin', '::1', 1, '2017-05-16 19:53:05'),
	(12, 1, 'admin', '::1', 1, '2017-05-16 21:48:22'),
	(13, 1, 'admin', '::1', 1, '2017-05-17 20:13:04'),
	(14, 1, 'admin', '::1', 1, '2017-05-19 16:10:18'),
	(15, 1, 'admin', '::1', 1, '2017-05-19 17:54:55'),
	(16, 1, 'admin', '::1', 1, '2017-05-20 10:19:20'),
	(17, 0, 'desk', '::1', 0, '2017-05-20 11:18:01'),
	(18, 1, 'admin', '::1', 1, '2017-05-20 11:18:08'),
	(19, 1, 'admin', '::1', 1, '2017-05-20 11:39:21'),
	(20, 1, 'admin', '::1', 1, '2017-05-20 13:24:29'),
	(21, 1, 'admin', '::1', 1, '2017-05-20 13:51:43'),
	(22, 1, 'admin', '192.168.50.111', 1, '2017-05-21 17:28:36'),
	(23, 1, 'admin', '192.168.50.111', 1, '2017-05-21 17:44:14'),
	(24, 1, 'admin', '::1', 1, '2017-05-23 16:28:36'),
	(25, 1, 'admin', '192.168.50.111', 1, '2017-05-23 16:58:16'),
	(26, 1, 'admin', '92.97.223.75', 1, '2021-12-14 23:04:20'),
	(27, 1, 'admin', '92.97.223.75', 1, '2021-12-14 23:21:45'),
	(28, 0, 'admin', '92.96.227.214', 0, '2021-12-15 09:39:18'),
	(29, 0, 'admin', '92.96.227.214', 0, '2021-12-15 09:39:26'),
	(30, 0, 'Admin', '92.96.227.214', 0, '2021-12-15 09:40:18'),
	(31, 1, 'admin', '92.96.227.214', 1, '2021-12-15 09:40:27'),
	(32, 1, 'admin', '92.97.223.75', 1, '2021-12-15 09:42:03'),
	(33, 1, 'admin', '92.96.227.214', 1, '2021-12-15 09:42:34'),
	(34, 1, 'admin', '217.165.102.83', 1, '2021-12-15 09:43:05'),
	(35, 1, 'admin', '92.96.227.214', 1, '2021-12-15 09:43:28'),
	(36, 1, 'admin', '83.110.202.36', 1, '2021-12-15 09:45:47'),
	(37, 1, 'admin', '92.97.223.75', 1, '2021-12-15 09:59:13'),
	(38, 1, 'admin', '92.97.223.75', 1, '2021-12-15 10:01:05'),
	(39, 0, 'c10', '92.96.227.214', 0, '2021-12-15 10:01:56'),
	(40, 0, 'C10', '92.96.227.214', 0, '2021-12-15 10:02:06'),
	(41, 0, 'C10', '92.96.227.214', 0, '2021-12-15 10:39:18'),
	(42, 0, 'c10', '92.96.227.214', 0, '2021-12-15 10:39:29'),
	(43, 0, 'admin', '92.96.227.214', 0, '2021-12-15 10:39:33'),
	(44, 1, 'admin', '92.96.227.214', 1, '2021-12-15 10:43:34'),
	(45, 1, 'admin', '83.110.206.100', 1, '2021-12-15 10:45:23'),
	(46, 1, 'admin', '217.165.102.83', 1, '2021-12-15 10:52:25'),
	(47, 1, 'admin', '92.98.19.130', 1, '2021-12-15 11:01:57'),
	(48, 3, 'dubaicourt', '92.98.19.130', 1, '2021-12-15 11:07:38'),
	(49, 0, 'dubaicourt', '217.165.102.83', 0, '2021-12-15 11:09:25'),
	(50, 1, 'admin', '2.50.52.143', 1, '2021-12-15 11:10:33'),
	(51, 1, 'admin', '217.165.102.83', 1, '2021-12-15 11:10:33'),
	(52, 0, 'dubaicourt', '217.165.102.83', 0, '2021-12-15 11:11:10'),
	(53, 1, 'admin', '92.98.19.130', 1, '2021-12-15 11:13:30'),
	(54, 0, 'dubaicourt', '92.98.19.130', 0, '2021-12-15 11:20:09'),
	(55, 0, 'dubaicourt', '92.98.19.130', 0, '2021-12-15 11:20:23'),
	(56, 0, 'dubaicourt', '92.98.19.130', 0, '2021-12-15 11:21:23'),
	(57, 0, 'dubaicourt', '92.98.19.130', 0, '2021-12-15 11:23:05'),
	(58, 1, 'admin', '92.98.19.130', 1, '2021-12-15 11:23:11'),
	(59, 1, 'admin', '83.110.202.36', 1, '2021-12-15 11:23:27'),
	(60, 0, 'dubaicourt', '92.98.19.130', 0, '2021-12-15 11:25:02'),
	(61, 2, 'saheeda', '92.98.19.130', 1, '2021-12-15 11:27:54'),
	(62, 0, 'dubaicourt', '92.98.19.130', 0, '2021-12-15 11:28:34'),
	(63, 0, 'dubaicourt', '31.219.131.114', 0, '2021-12-15 11:28:47'),
	(64, 0, 'dubaicourt', '92.98.19.130', 0, '2021-12-15 11:28:52'),
	(65, 0, 'dubaicourt', '31.219.131.114', 0, '2021-12-15 11:29:03'),
	(66, 2, 'saheeda', '92.98.19.130', 1, '2021-12-15 11:29:14'),
	(67, 0, 'admin', '92.98.19.130', 0, '2021-12-15 11:30:56'),
	(68, 0, 'dubaicourt', '92.98.19.130', 0, '2021-12-15 11:31:09'),
	(69, 0, 'dubaicourt', '92.98.19.130', 0, '2021-12-15 11:31:52'),
	(70, 0, 'dcourt_admin', '92.98.19.130', 0, '2021-12-15 11:32:16'),
	(71, 0, 'dcourt_admin', '92.98.19.130', 0, '2021-12-15 11:32:40'),
	(72, 0, 'saheed', '92.98.19.130', 0, '2021-12-15 11:34:10'),
	(73, 0, 'admin', '92.98.19.130', 0, '2021-12-15 11:35:03'),
	(74, 0, 'admin', '31.219.131.114', 0, '2021-12-15 11:35:19'),
	(75, 1, 'admin', '92.98.19.130', 1, '2021-12-15 11:35:27'),
	(76, 0, 'admin', '31.219.131.114', 0, '2021-12-15 11:35:37'),
	(77, 1, 'admin', '31.219.131.114', 1, '2021-12-15 11:36:15'),
	(78, 1, 'admin', '92.98.19.130', 1, '2021-12-15 11:38:16'),
	(79, 0, 'admin', '31.219.131.114', 0, '2021-12-15 11:38:57'),
	(80, 0, 'admin', '31.219.131.114', 0, '2021-12-15 11:40:29'),
	(81, 1, 'admin', '92.98.19.130', 1, '2021-12-15 11:40:45'),
	(82, 1, 'admin', '31.219.131.114', 1, '2021-12-15 11:41:56'),
	(83, 1, 'admin', '5.195.235.50', 1, '2021-12-15 11:55:44'),
	(84, 1, 'admin', '5.195.235.50', 1, '2021-12-15 11:58:15'),
	(85, 1, 'admin', '5.195.235.50', 1, '2021-12-15 11:58:41'),
	(86, 1, 'admin', '5.195.235.50', 1, '2021-12-15 11:59:09'),
	(87, 1, 'admin', '217.165.102.83', 1, '2021-12-16 12:18:44'),
	(88, 1, 'admin', '217.165.102.218', 1, '2021-12-18 11:11:20'),
	(89, 1, 'admin', '217.165.102.218', 1, '2021-12-19 12:21:08'),
	(90, 1, 'admin', '92.97.223.75', 1, '2021-12-20 00:50:07'),
	(91, 1, 'admin', '31.218.186.82', 1, '2021-12-21 17:45:22'),
	(92, 1, 'admin', '92.97.223.75', 1, '2021-12-22 00:43:46'),
	(93, 1, 'admin', '92.97.223.75', 1, '2021-12-22 00:53:18'),
	(94, 0, 'admin', '2.50.31.163', 0, '2021-12-27 15:11:57'),
	(95, 1, 'admin', '2.50.31.163', 1, '2021-12-27 15:12:00'),
	(96, 1, 'admin', '2.50.31.163', 1, '2021-12-29 12:29:52'),
	(97, 1, 'admin', '2.50.31.163', 1, '2021-12-30 12:07:39'),
	(98, 1, 'admin', '2.50.31.163', 1, '2021-12-30 13:33:33'),
	(99, 1, 'admin', '2.50.31.163', 1, '2021-12-30 13:34:54'),
	(100, 1, 'admin', '91.73.41.142', 1, '2022-01-02 11:28:31'),
	(101, 1, 'admin', '91.73.41.142', 1, '2022-01-02 11:58:27'),
	(102, 1, 'admin', '91.73.41.142', 1, '2022-01-02 12:37:02'),
	(103, 0, 'admin', '2.50.31.163', 0, '2022-01-02 12:55:47'),
	(104, 1, 'admin', '2.50.31.163', 1, '2022-01-02 12:55:50'),
	(105, 1, 'admin', '2.50.31.163', 1, '2022-01-02 14:32:38'),
	(106, 1, 'admin', '91.73.41.142', 1, '2022-01-02 14:35:06'),
	(107, 1, 'admin', '91.73.41.142', 1, '2022-01-02 14:42:57'),
	(108, 1, 'admin', '91.73.41.142', 1, '2022-01-02 15:10:50'),
	(109, 1, 'admin', '2.50.31.163', 1, '2022-01-03 14:28:56'),
	(110, 0, 'admin', '2.51.205.10', 0, '2022-01-03 14:56:06'),
	(111, 1, 'admin', '2.51.205.10', 1, '2022-01-03 14:56:10'),
	(112, 0, 'admin', '92.97.209.133', 0, '2022-01-05 13:54:41'),
	(113, 1, 'admin', '92.97.209.133', 1, '2022-01-05 13:55:22'),
	(114, 1, 'admin', '2.50.31.163', 1, '2022-01-05 14:55:39'),
	(115, 1, 'admin', '91.73.41.142', 1, '2022-01-06 11:30:15'),
	(116, 1, 'admin', '2.50.31.163', 1, '2022-01-06 14:13:14'),
	(117, 1, 'admin', '91.73.41.142', 1, '2022-01-06 14:21:47'),
	(118, 1, 'admin', '91.73.41.142', 1, '2022-01-06 18:36:58'),
	(119, 1, 'admin', '91.73.41.142', 1, '2022-01-06 19:16:32'),
	(120, 1, 'admin', '91.73.41.142', 1, '2022-01-06 20:49:40'),
	(121, 1, 'admin', '91.73.41.142', 1, '2022-01-06 21:03:45'),
	(122, 1, 'admin', '91.73.41.142', 1, '2022-01-07 01:43:33'),
	(123, 1, 'admin', '91.73.41.142', 1, '2022-01-07 02:15:40'),
	(124, 1, 'admin', '2.50.31.163', 1, '2022-01-07 16:16:45'),
	(125, 1, 'admin', '94.203.113.216', 1, '2022-01-26 04:07:45'),
	(126, 1, 'admin', '2.50.31.163', 1, '2022-01-27 12:24:00'),
	(127, 1, 'admin', '31.219.80.44', 1, '2022-01-28 08:51:58'),
	(128, 1, 'admin', '137.97.99.242', 1, '2022-02-03 06:00:12'),
	(129, 1, 'admin', '137.97.99.242', 1, '2022-02-03 07:02:15');
/*!40000 ALTER TABLE `tbl_auser_login` ENABLE KEYS */;

CREATE TABLE IF NOT EXISTS `tbl_desk` (
  `desk_id` int(11) NOT NULL AUTO_INCREMENT,
  `username` varchar(100) NOT NULL,
  `password` varchar(100) NOT NULL,
  `desk_name` varchar(50) NOT NULL,
  `employee_id` varchar(20) DEFAULT NULL,
  `user_random_string` varchar(256) DEFAULT NULL,
  `status` tinyint(1) NOT NULL,
  `dateadded` datetime NOT NULL,
  PRIMARY KEY (`desk_id`)
) ENGINE=InnoDB DEFAULT CHARSET=utf8;

/*!40000 ALTER TABLE `tbl_desk` DISABLE KEYS */;
INSERT INTO `tbl_desk` (`desk_id`, `username`, `password`, `desk_name`, `employee_id`, `user_random_string`, `status`, `dateadded`) VALUES
	(12, 'C10', '21232f297a57a5a743894a0e4a801fc3', 'Counter 10', '', 'MTIxMzcuOTcuOTkuMjQyRWU5ek8yYkJHeWFRVlQ3Mw==', 1, '2017-05-23 17:01:45'),
	(15, 'C1', '21232f297a57a5a743894a0e4a801fc3', 'Counter 1', '', 'MTU4My4xMTAuMjAzLjEzNVIyU0lHaHZVYTBZZGJEV3o=', 1, '2021-12-15 11:11:20'),
	(16, 'C2', '21232f297a57a5a743894a0e4a801fc3', 'Counter 2', '', 'MTY4My4xMTAuMjAzLjEzNVBybnNaeFI2QWZTVU9Oa0Y=', 1, '2021-12-15 11:08:44'),
	(17, 'C3', '21232f297a57a5a743894a0e4a801fc3', 'Counter 3', '', 'MTc4My4xMTAuMjAzLjEzNWtCRkFZN3Axd0h2NG5LanM=', 1, '2021-12-15 11:09:21'),
	(18, 'C4', '21232f297a57a5a743894a0e4a801fc3', 'Counter 4', '', 'MTg4My4xMTAuMjAzLjEzNTl4TTVTUUxFcG1PV2VhUEI=', 1, '2021-12-15 11:09:45'),
	(19, 'C5', '21232f297a57a5a743894a0e4a801fc3', 'Counter 5', '', 'MTk4My4xMTAuMjAzLjEzNXVncHNZYmQzaFVXVHptMVY=', 1, '2021-12-15 11:10:00'),
	(20, 'C6', '21232f297a57a5a743894a0e4a801fc3', 'Counter 6', '', 'MjA4My4xMTAuMjAzLjEzNUllSnBmc0dtUHRkRGdhVXk=', 1, '2021-12-15 11:10:14'),
	(21, 'C7', '21232f297a57a5a743894a0e4a801fc3', 'Counter 7', '', 'MjE4My4xMTAuMjAzLjEzNW9yM1JsU2Y3aDBHV2NISm0=', 1, '2021-12-15 11:10:27'),
	(22, 'C8', '21232f297a57a5a743894a0e4a801fc3', 'Counter 8', '', 'MjI4My4xMTAuMjAzLjEzNVd6REx5ZmRhclU4a09wUHM=', 1, '2021-12-15 11:10:46'),
	(23, 'C9', '21232f297a57a5a743894a0e4a801fc3', 'Counter 9', '', 'MjM4My4xMTAuMjAzLjEzNUJMNzI2b2xUdVZDaDFqVXk=', 1, '2021-12-15 11:10:58'),
	(24, 'C11', '21232f297a57a5a743894a0e4a801fc3', 'C11', '', 'MjQ4My4xMTAuMjAzLjEzNUJDTGxWcFlSTzZib1BydE0=', 1, '2021-12-21 17:46:00'),
	(25, 'C12', '21232f297a57a5a743894a0e4a801fc3', 'C12', '', 'MjU4My4xMTAuMjAzLjEzNXhyMGlzNW9uUXR3SVhFTHk=', 1, '2021-12-21 17:47:09'),
	(26, 'C13', '21232f297a57a5a743894a0e4a801fc3', 'C13', '', 'MjY4My4xMTAuMjAzLjEzNW1KTjRhdmhSS0FIeFNZUFY=', 1, '2021-12-21 17:47:25'),
	(27, 'C14', '21232f297a57a5a743894a0e4a801fc3', 'C14', '', 'Mjc4My4xMTAuMjAzLjEzNU1ib05VRFFKbHdxWlRBa24=', 1, '2021-12-21 17:47:41'),
	(28, 'C15', '21232f297a57a5a743894a0e4a801fc3', 'C15', '', 'Mjg4My4xMTAuMjAzLjEzNXE4djJRSlZ6VTlQQUlwc0s=', 1, '2021-12-21 17:48:01'),
	(29, 'C16', '21232f297a57a5a743894a0e4a801fc3', 'C16', '', 'Mjk4My4xMTAuMjAzLjEzNXZzVDV0NzRWcVA4SUNjbUE=', 1, '2021-12-21 17:48:14');
/*!40000 ALTER TABLE `tbl_desk` ENABLE KEYS */;

CREATE TABLE IF NOT EXISTS `tbl_feedback` (
  `f_id` int(11) NOT NULL AUTO_INCREMENT,
  `token_id` varchar(100) DEFAULT NULL,
  `feedback` text NOT NULL,
  `dateadded` datetime NOT NULL,
  PRIMARY KEY (`f_id`)
) ENGINE=InnoDB DEFAULT CHARSET=utf8;

/*!40000 ALTER TABLE `tbl_feedback` DISABLE KEYS */;
INSERT INTO `tbl_feedback` (`f_id`, `token_id`, `feedback`, `dateadded`) VALUES
	(1, 'zxccccccccccccc', 'dxvxzczxc', '2017-03-12 23:14:47'),
	(2, 'asdasda', 'asdasdas', '2017-03-12 23:16:18'),
	(3, 'asdasd', 'asdasd', '2017-03-12 23:17:54'),
	(4, 'sdfffffffffffffffff', 'sdfsdf', '2017-03-12 23:32:42'),
	(5, 'sdfsdf', 'sdfsdf', '2017-03-12 23:33:13'),
	(6, 'xcvxcv', 'dxvxcvxc', '2017-03-12 23:34:19'),
	(7, 'fxvxcvxx', 'xcvxcvx', '2017-03-12 23:36:18'),
	(8, '', 'sddddddd', '2017-03-12 23:38:11'),
	(9, '', '', '2017-03-12 23:39:44'),
	(10, '', '', '2017-03-12 23:40:41'),
	(11, 'sdfsd', 'sdfs', '2017-03-12 23:41:28'),
	(12, 'mmmmmmmmmmmmmm', 'mmmmmmmmmmmmm', '2017-03-12 23:42:29'),
	(13, '8yXWhOvdHY1495120557', '', '2017-05-18 19:16:09'),
	(14, 'i2yqbKR0BO1495120823', 'asxa aasddas awdasdsa wadas', '2017-05-18 19:20:34'),
	(15, 'LAZqHE5Fry1495120933', 'sdzczxczxc', '2017-05-18 19:22:20'),
	(16, 'WuKnbF53xT1495193384', 'asdasdsa', '2017-05-19 15:30:55'),
	(17, '0xlHWsJbtw1495269027', 'Ghjbbbn', '2017-05-20 12:30:54'),
	(18, 'zu1qpQre0c1495271387', '', '2017-05-20 13:09:54'),
	(19, 'bjUQgpqNKr1495274390', '', '2017-05-20 14:00:01'),
	(20, 'XumZyQCtIM1495275203', 'Thanks', '2017-05-20 14:14:13'),
	(21, 'tCR8aegld51495275264', 'Hiiiiiii', '2017-05-20 14:14:43'),
	(22, 'cWM3B41Ztn1495358639', '', '2017-05-21 13:24:07'),
	(23, 'uvqMRYsw6j1495360282', 'Rhmd hjnh', '2017-05-21 13:51:44'),
	(24, 'uer8NOCxEn1495375483', '', '2017-05-21 18:05:28'),
	(25, 'n2DfrJTwz61495426182', '', '2017-05-22 08:10:00'),
	(26, 'qKyrtFg9kz1495451922', 'Excellent', '2017-05-22 15:19:04'),
	(27, 'CvGAD5rxyK1495544903', 'asdasdasdas', '2017-05-23 17:08:33'),
	(28, 'Q0cUSytgMf1495546511', 'Good', '2017-05-23 17:35:39'),
	(29, 'Qu3jE68sdL1495614534', 'Good service\'s', '2017-05-24 12:29:42'),
	(30, 'EezkdjWfFa1495621314', 'Very good now', '2017-05-24 14:22:53'),
	(31, 'RFGXx54Miz1495622565', 'Good luck', '2017-05-24 14:43:11'),
	(32, 'IDLso1cRZb1495627924', '', '2017-05-24 16:12:48'),
	(33, '6e8R7ltrnG1639557499', '', '2021-12-15 12:38:48'),
	(34, 'fiVPpOnu411639946899', 'Ggg', '2021-12-20 00:48:27'),
	(35, 'tCwaZfOPE41640087909', '', '2021-12-21 15:58:44'),
	(36, '1YN5rFLI7w1640143064', '', '2021-12-22 07:18:10'),
	(37, 'QDy42RW0CP1640147446', 'Good ', '2021-12-22 08:31:14'),
	(38, 'wYbrV4H5hQ1640147506', 'Good ', '2021-12-22 08:31:56'),
	(39, 'c6OaudmhXT1640147570', 'Good ', '2021-12-22 08:33:17'),
	(40, 'ouh6qfCAEK1640619656', 'Aaaaaaa', '2021-12-27 19:41:12'),
	(41, 'VDzcjBJKrb1640676852', 'Thank', '2021-12-28 11:34:38'),
	(42, 'OFUvxcQElP1640704553', 'Very nice ', '2021-12-28 19:16:15'),
	(43, 'hTjzlOp8y61640767562', '', '2021-12-29 12:46:14'),
	(44, 'C1HJrB4qdG1640772364', '', '2021-12-29 14:06:28'),
	(45, 'TwQs9m7UYu1640792754', 'So good ', '2021-12-29 19:46:39'),
	(46, 'xoqHT9Bs4F1640853106', 'excellent service', '2021-12-30 12:32:26'),
	(47, 'oZk71NjcV41640787851', 'جيدا', '2022-01-03 12:32:18'),
	(48, 'Gc03WANmr91641293377', 'Very good', '2022-01-04 14:50:37'),
	(49, 'jitlBpNnXq1641362041', 'Ooooo', '2022-01-05 09:54:49'),
	(50, 'xvNBAPc0nM1641371641', '', '2022-01-05 12:34:20'),
	(51, 'h312JfWz6p1641981921', 'Waiting time too much ', '2022-01-12 14:05:47'),
	(52, '8u9dxE3Jrk1641981974', '', '2022-01-12 14:15:46'),
	(53, 'I39AL1QX2x1641978551', 'She is good', '2022-01-12 15:17:19'),
	(54, 'F9xIgGrNjm1641990719', 'Very good', '2022-01-12 16:32:16'),
	(55, 'L7BJm6N5vY1642073392', 'Very goog', '2022-01-13 15:30:13'),
	(56, 'uASTWeiXv11642492587', 'Thank you for your services ', '2022-01-18 11:56:52'),
	(57, 'asdsadsa', 'asdjlasjdlasjdas', '2022-01-26 03:12:53'),
	(58, 'asdsadsa', 'wdasdasd', '2022-01-26 03:13:53'),
	(59, 'asdsadsa', 'ASDSA', '2022-01-26 03:17:55'),
	(60, 'MTU5MS43My4xNjguMzBydzR0MUtvMFdwZFh5VFFu', 'asdsad', '2022-01-26 10:55:00'),
	(61, 'MTY4My4xMTAuMjAzLjEzNUxOc3RyWkpwbDFmeEduYVY=', 'Very helpful', '2022-01-26 12:24:57'),
	(62, 'MjA4My4xMTAuMjAzLjEzNUllSnBmc0dtUHRkRGdhVXk=', '', '2022-01-26 13:13:16'),
	(63, 'MjQ4My4xMTAuMjAzLjEzNUJDTGxWcFlSTzZib1BydE0=', '0507787678', '2022-01-26 13:13:36'),
	(64, 'MjA4My4xMTAuMjAzLjEzNUllSnBmc0dtUHRkRGdhVXk=', '', '2022-01-26 13:13:48'),
	(65, 'MTU4My4xMTAuMjAzLjEzNTlNY1RsTHE1VW5CajJXc0s=', '', '2022-01-27 08:35:40'),
	(66, 'Mjg4My4xMTAuMjAzLjEzNXE4djJRSlZ6VTlQQUlwc0s=', '', '2022-01-27 15:52:38'),
	(67, 'Mjk4My4xMTAuMjAzLjEzNVF2SkdZQXFoZXlCNXhQZlU=', '', '2022-01-27 18:57:53'),
	(68, 'MjU4My4xMTAuMjAzLjEzNXhyMGlzNW9uUXR3SVhFTHk=', '', '2022-01-27 19:29:08'),
	(69, 'MjA4My4xMTAuMjAzLjEzNUllSnBmc0dtUHRkRGdhVXk=', 'I\'m sad only', '2022-01-31 08:53:47'),
	(70, 'Mjk4My4xMTAuMjAzLjEzNXZzVDV0NzRWcVA4SUNjbUE=', 'Received money too late ', '2022-01-31 09:01:32'),
	(71, 'MTg4My4xMTAuMjAzLjEzNTl4TTVTUUxFcG1PV2VhUEI=', 'Good to hearing ', '2022-01-31 09:27:53'),
	(72, 'MTg4My4xMTAuMjAzLjEzNTl4TTVTUUxFcG1PV2VhUEI=', 'Good to hearing ', '2022-01-31 09:34:35'),
	(73, 'MjA4My4xMTAuMjAzLjEzNUllSnBmc0dtUHRkRGdhVXk=', 'Good and experience person ', '2022-01-31 15:15:10'),
	(74, 'MjU4My4xMTAuMjAzLjEzNXhyMGlzNW9uUXR3SVhFTHk=', 'He is helpfull', '2022-01-31 15:34:31'),
	(75, 'MjA4My4xMTAuMjAzLjEzNUllSnBmc0dtUHRkRGdhVXk=', 'Good and experience person ', '2022-01-31 15:52:47'),
	(76, 'MjU4My4xMTAuMjAzLjEzNXhyMGlzNW9uUXR3SVhFTHk=', 'Good', '2022-02-01 15:58:27');
/*!40000 ALTER TABLE `tbl_feedback` ENABLE KEYS */;

CREATE TABLE IF NOT EXISTS `tbl_followup` (
  `follow_id` int(11) NOT NULL AUTO_INCREMENT,
  `token_id` varchar(100) DEFAULT NULL,
  `name` varchar(100) DEFAULT NULL,
  `mobile` varchar(14) DEFAULT NULL,
  `ref_no` varchar(32) DEFAULT NULL,
  `dateadded` date NOT NULL,
  PRIMARY KEY (`follow_id`)
) ENGINE=MyISAM DEFAULT CHARSET=utf8;

/*!40000 ALTER TABLE `tbl_followup` DISABLE KEYS */;
INSERT INTO `tbl_followup` (`follow_id`, `token_id`, `name`, `mobile`, `ref_no`, `dateadded`) VALUES
	(8, 'tCwaZfOPE41640087909', '', '', '', '2021-12-21'),
	(9, 'wYbrV4H5hQ1640147506', 'Muhammad ', '3', '0568682006', '2021-12-22'),
	(10, 'c6OaudmhXT1640147570', '', '', '', '2021-12-22'),
	(11, 'CW0iJIplDo1640662219', '', '', '', '2021-12-28'),
	(12, 'CW0iJIplDo1640662219', '', '', '', '2021-12-28'),
	(13, 'gRr9Dh3TQP1640685253', 'Marimba rehan ', '', '', '2021-12-28'),
	(14, 'EKMp0S1XjB1640788945', 'U', '', '', '2021-12-29'),
	(15, 'nZyVatLDzb1641185348', 'Amir maani', '', '', '2022-01-03'),
	(16, 'I39AL1QX2x1641978551', 'Mansoor', '', '', '2022-01-12'),
	(17, '8u9dxE3Jrk1641981974', '', '', '', '2022-01-12'),
	(18, 'bvnX9uwJeZ1642074216', '', '', '', '2022-01-13'),
	(19, 'asdsadsa', 'asAS', '32423', 'ASDASD', '2022-01-26'),
	(20, 'asdsadsa', 'ASDSADAS', 'ASDSA', 'ASDSADSA', '2022-01-26'),
	(21, 'MjA4My4xMTAuMjAzLjEzNUllSnBmc0dtUHRkRGdhVXk=', '', '', '', '2022-01-26'),
	(22, 'Mjg4My4xMTAuMjAzLjEzNXE4djJRSlZ6VTlQQUlwc0s=', '', '', '', '2022-01-27'),
	(23, 'MTg4My4xMTAuMjAzLjEzNTl4TTVTUUxFcG1PV2VhUEI=', '', '', '', '2022-01-31'),
	(24, 'MjA4My4xMTAuMjAzLjEzNUllSnBmc0dtUHRkRGdhVXk=', '', '', '', '2022-01-31');
/*!40000 ALTER TABLE `tbl_followup` ENABLE KEYS */;

CREATE TABLE IF NOT EXISTS `tbl_group` (
  `group_id` int(11) NOT NULL AUTO_INCREMENT,
  `group_name` varchar(100) NOT NULL,
  `l_id` int(11) NOT NULL,
  `status` tinyint(1) NOT NULL,
  `dateadded` datetime NOT NULL,
  PRIMARY KEY (`group_id`)
) ENGINE=InnoDB DEFAULT CHARSET=utf8;

/*!40000 ALTER TABLE `tbl_group` DISABLE KEYS */;
INSERT INTO `tbl_group` (`group_id`, `group_name`, `l_id`, `status`, `dateadded`) VALUES
	(2, 'Overall Experience', 1, 1, '0000-00-00 00:00:00'),
	(3, 'التجربة الشاملة', 2, 1, '0000-00-00 00:00:00');
/*!40000 ALTER TABLE `tbl_group` ENABLE KEYS */;

CREATE TABLE IF NOT EXISTS `tbl_language` (
  `l_id` int(11) NOT NULL AUTO_INCREMENT,
  `language` varchar(100) CHARACTER SET utf8 NOT NULL,
  `code` varchar(2) NOT NULL,
  `direction` varchar(3) NOT NULL,
  `status` tinyint(1) NOT NULL,
  `dateadded` datetime NOT NULL,
  PRIMARY KEY (`l_id`)
) ENGINE=InnoDB DEFAULT CHARSET=latin1;

/*!40000 ALTER TABLE `tbl_language` DISABLE KEYS */;
INSERT INTO `tbl_language` (`l_id`, `language`, `code`, `direction`, `status`, `dateadded`) VALUES
	(1, 'English', 'en', 'LTR', 1, '2017-03-09 11:19:56'),
	(2, 'Arabic', 'ar', 'RTL', 1, '2017-03-09 11:20:39');
/*!40000 ALTER TABLE `tbl_language` ENABLE KEYS */;

CREATE TABLE IF NOT EXISTS `tbl_question` (
  `q_id` int(11) NOT NULL AUTO_INCREMENT,
  `title` varchar(100) DEFAULT NULL,
  `question` varchar(500) DEFAULT NULL,
  `type` varchar(15) CHARACTER SET ucs2 DEFAULT NULL,
  `answer` text,
  `status` tinyint(1) NOT NULL,
  `order` int(11) NOT NULL,
  `dateadded` datetime NOT NULL,
  PRIMARY KEY (`q_id`)
) ENGINE=InnoDB DEFAULT CHARSET=utf8;

/*!40000 ALTER TABLE `tbl_question` DISABLE KEYS */;
INSERT INTO `tbl_question` (`q_id`, `title`, `question`, `type`, `answer`, `status`, `order`, `dateadded`) VALUES
	(13, 'Overall Experience', 'Your Overall Service Experience at Al Adheed?', '2', '', 1, 0, '2021-12-20 00:51:26'),
	(14, 'التجربة الشاملة', 'تقييمك لتجربتك بشكل عام للخدمة في العضيد؟', '2', '', 1, 1, '2021-12-15 10:54:33');
/*!40000 ALTER TABLE `tbl_question` ENABLE KEYS */;

CREATE TABLE IF NOT EXISTS `tbl_question_group` (
  `q_id` int(11) NOT NULL,
  `group_id` int(11) NOT NULL
) ENGINE=InnoDB DEFAULT CHARSET=latin1;

/*!40000 ALTER TABLE `tbl_question_group` DISABLE KEYS */;
INSERT INTO `tbl_question_group` (`q_id`, `group_id`) VALUES
	(13, 2),
	(14, 3);
/*!40000 ALTER TABLE `tbl_question_group` ENABLE KEYS */;

/*!40101 SET SQL_MODE=IFNULL(@OLD_SQL_MODE, '') */;
/*!40014 SET FOREIGN_KEY_CHECKS=IFNULL(@OLD_FOREIGN_KEY_CHECKS, 1) */;
/*!40101 SET CHARACTER_SET_CLIENT=@OLD_CHARACTER_SET_CLIENT */;
/*!40111 SET SQL_NOTES=IFNULL(@OLD_SQL_NOTES, 1) */;
